Order_ID,Customer_ID,Order_Date,City,Category,Sales,Discount,Profit,Payment_Method
1,1051,2023-04-10,Bangalore,Electronics,2975.52,0.05,411.89,UPI
2,1092,2023-09-19,Hyderabad,Accessories,3752.65,0.3,-429.96,Debit Card
3,1014,2023-01-02,Pune,Furniture,2215.13,0.05,421.93,Credit Card
4,1071,2023-10-29,Hyderabad,Clothing,725.14,0.0,187.39,Debit Card
5,1060,2023-10-31,Pune,Furniture,1490.5,0.3,-208.51,UPI
6,1020,2023-12-10,Hyderabad,Furniture,1879.1,0.05,142.03,Debit Card
7,1082,2023-09-25,Bangalore,Clothing,3264.99,0.1,48.43,Cash on Delivery
8,1086,2023-10-28,Delhi,Clothing,2896.81,0.0,285.79,Credit Card
9,1074,2023-06-09,Bangalore,Accessories,1844.87,0.0,118.83,Debit Card
10,1074,2023-05-02,Chennai,Accessories,4933.92,0.0,669.1,Cash on Delivery
11,1087,2023-08-14,Mumbai,Electronics,3068.3,0.1,53.89,UPI
12,1099,2023-04-17,Delhi,Electronics,1262.41,0.1,241.88,Debit Card
13,1023,2023-02-25,Bangalore,Furniture,598.73,0.2,-6.33,UPI
14,1002,2023-08-12,Chennai,Clothing,849.01,0.05,73.71,Cash on Delivery
15,1021,2023-05-10,Mumbai,Electronics,1305.19,0.2,-6.37,UPI
16,1052,2023-03-11,Chennai,Furniture,887.34,0.05,30.88,Cash on Delivery
17,1001,2023-03-19,Pune,Clothing,1014.18,0.1,61.88,Cash on Delivery
18,1087,2023-01-24,Pune,Accessories,1496.97,0.1,159.51,Cash on Delivery
19,1029,2023-08-03,Hyderabad,Furniture,949.53,0.2,-26.37,Debit Card
20,1037,2023-02-26,Delhi,Accessories,4494.15,0.3,-672.12,UPI
21,1001,2023-11-14,Pune,Electronics,493.15,0.2,48.56,UPI
22,1063,2023-10-14,Chennai,Electronics,2670.11,0.05,587.63,Credit Card
23,1059,2023-06-21,Delhi,Clothing,2110.94,0.2,12.35,Credit Card
24,1020,2023-10-16,Pune,Furniture,4913.66,0.0,945.11,Credit Card
25,1032,2023-10-21,Hyderabad,Accessories,648.99,0.05,100.7,Credit Card
26,1075,2023-11-01,Bangalore,Clothing,2049.49,0.05,103.15,UPI
27,1057,2023-08-03,Hyderabad,Electronics,4850.41,0.3,-733.46,Cash on Delivery
28,1021,2023-07-31,Mumbai,Electronics,4340.98,0.1,-174.23,Cash on Delivery
29,1088,2023-03-19,Pune,Furniture,4103.65,0.05,487.87,Debit Card
30,1048,2023-06-22,Mumbai,Accessories,1363.72,0.1,116.95,Cash on Delivery
31,1090,2023-05-20,Mumbai,Furniture,937.35,0.2,-87.23,UPI
32,1058,2023-05-12,Chennai,Accessories,3376.35,0.0,982.54,UPI
33,1041,2023-05-10,Delhi,Accessories,4653.94,0.3,-105.35,UPI
34,1091,2023-06-30,Chennai,Furniture,2828.14,0.1,369.17,Debit Card
35,1059,2023-01-05,Pune,Clothing,2900.9,0.05,386.83,Credit Card
36,1079,2023-11-10,Mumbai,Furniture,1471.9,0.1,246.53,Cash on Delivery
37,1014,2023-04-26,Bangalore,Furniture,3870.52,0.05,126.42,UPI
38,1061,2023-03-17,Mumbai,Electronics,1016.51,0.1,150.06,UPI
39,1061,2023-04-22,Bangalore,Electronics,1686.03,0.05,52.61,Credit Card
40,1046,2023-12-08,Chennai,Furniture,2184.64,0.2,106.07,UPI
41,1061,2023-06-26,Chennai,Furniture,2587.29,0.05,178.37,Cash on Delivery
42,1050,2023-04-18,Delhi,Electronics,1287.81,0.05,282.38,Debit Card
43,1054,2023-10-12,Mumbai,Accessories,662.7,0.0,189.54,UPI
44,1063,2023-04-21,Hyderabad,Furniture,3092.04,0.05,115.02,Cash on Delivery
45,1002,2023-06-22,Chennai,Clothing,1514.29,0.0,250.87,UPI
46,1050,2023-06-13,Chennai,Clothing,2948.07,0.3,-14.01,Credit Card
47,1006,2023-10-26,Delhi,Clothing,856.38,0.0,146.31,UPI
48,1020,2023-12-31,Bangalore,Furniture,2457.59,0.2,161.92,UPI
49,1072,2023-03-05,Delhi,Accessories,2709.69,0.0,534.3,Debit Card
50,1038,2023-01-16,Mumbai,Accessories,353.94,0.3,-55.27,Credit Card
51,1017,2023-03-31,Pune,Electronics,1749.36,0.2,-137.42,Credit Card
52,1003,2023-11-30,Pune,Furniture,758.63,0.1,0.61,Debit Card
53,1088,2023-08-07,Bangalore,Accessories,410.54,0.1,57.66,UPI
54,1059,2023-06-27,Chennai,Furniture,4950.81,0.0,725.96,Cash on Delivery
55,1013,2023-07-22,Bangalore,Electronics,1679.53,0.0,298.65,Credit Card
56,1008,2023-03-09,Chennai,Electronics,4068.38,0.3,-516.35,Credit Card
57,1089,2023-06-19,Chennai,Electronics,1347.74,0.3,-142.43,UPI
58,1052,2023-12-31,Pune,Clothing,3439.36,0.05,744.26,UPI
59,1001,2023-02-15,Bangalore,Furniture,3825.12,0.3,-18.42,Credit Card
60,1083,2023-03-17,Delhi,Electronics,3018.63,0.05,307.59,UPI
61,1091,2023-06-21,Chennai,Furniture,2410.72,0.2,137.12,Cash on Delivery
62,1059,2023-02-20,Hyderabad,Clothing,2118.02,0.0,510.72,Credit Card
63,1070,2023-02-11,Hyderabad,Clothing,1809.45,0.2,-11.97,Cash on Delivery
64,1043,2023-06-01,Delhi,Electronics,4654.69,0.3,-51.15,Cash on Delivery
65,1007,2023-01-19,Hyderabad,Electronics,4170.04,0.2,-416.51,UPI
66,1046,2023-05-20,Mumbai,Accessories,4828.63,0.2,-592.4,Cash on Delivery
67,1034,2023-01-09,Chennai,Furniture,709.06,0.2,45.02,UPI
68,1077,2023-11-23,Delhi,Electronics,3681.25,0.3,-516.16,Debit Card
69,1080,2023-09-04,Bangalore,Accessories,4697.87,0.2,290.06,UPI
70,1035,2023-02-04,Chennai,Furniture,988.04,0.05,220.6,Cash on Delivery
71,1049,2023-03-30,Delhi,Electronics,425.83,0.3,-99.81,Debit Card
72,1003,2023-10-06,Pune,Accessories,3731.49,0.2,264.44,UPI
73,1001,2023-01-09,Bangalore,Accessories,2914.92,0.3,-402.03,Cash on Delivery
74,1005,2023-06-18,Pune,Furniture,4224.96,0.1,327.89,Credit Card
75,1053,2023-05-05,Chennai,Accessories,784.88,0.05,122.95,Credit Card
76,1003,2023-03-31,Bangalore,Furniture,3996.81,0.2,326.12,UPI
77,1053,2023-01-17,Hyderabad,Furniture,1087.97,0.1,-49.2,UPI
78,1092,2023-02-01,Delhi,Furniture,901.91,0.1,62.42,Credit Card
79,1062,2023-07-22,Chennai,Clothing,904.9,0.3,-70.65,Cash on Delivery
80,1017,2023-06-26,Mumbai,Accessories,4091.42,0.1,534.65,Cash on Delivery
81,1089,2023-01-23,Bangalore,Furniture,3359.47,0.05,581.64,Cash on Delivery
82,1043,2023-03-31,Bangalore,Electronics,2663.02,0.05,89.5,UPI
83,1033,2023-08-11,Chennai,Clothing,1858.27,0.0,232.0,Debit Card
84,1073,2023-03-31,Chennai,Clothing,4398.28,0.05,394.43,Debit Card
85,1061,2023-04-28,Pune,Accessories,2022.98,0.1,305.69,Debit Card
86,1099,2023-10-15,Hyderabad,Furniture,4101.34,0.05,285.82,Debit Card
87,1013,2023-07-11,Pune,Accessories,2251.76,0.3,-444.33,Debit Card
88,1094,2023-10-13,Pune,Clothing,1947.03,0.0,563.4,UPI
89,1047,2023-05-22,Hyderabad,Furniture,2367.13,0.1,-113.11,UPI
90,1014,2023-10-19,Mumbai,Electronics,1576.75,0.0,472.17,Debit Card
91,1071,2023-11-21,Pune,Furniture,3763.29,0.1,448.6,UPI
92,1077,2023-06-20,Pune,Clothing,2563.33,0.3,-109.92,UPI
93,1086,2023-11-05,Bangalore,Electronics,1237.84,0.0,153.06,Debit Card
94,1061,2023-04-07,Hyderabad,Furniture,4507.92,0.2,-660.05,Cash on Delivery
95,1039,2023-11-27,Delhi,Electronics,1981.07,0.1,266.39,UPI
96,1084,2023-07-13,Mumbai,Electronics,2763.41,0.2,161.76,Cash on Delivery
97,1079,2023-01-11,Mumbai,Clothing,4541.71,0.0,1067.84,UPI
98,1081,2023-06-14,Hyderabad,Electronics,3158.77,0.2,-361.01,UPI
99,1052,2023-05-05,Chennai,Accessories,672.8,0.2,25.81,Debit Card
100,1023,2023-08-19,Chennai,Clothing,4705.18,0.0,1139.74,UPI
101,1025,2023-11-13,Bangalore,Accessories,3175.77,0.3,-271.1,Credit Card
102,1088,2023-10-08,Bangalore,Electronics,1741.04,0.2,72.3,Credit Card
103,1059,2023-03-27,Hyderabad,Accessories,782.43,0.2,48.1,Debit Card
104,1040,2023-09-16,Bangalore,Furniture,3990.72,0.3,-385.5,Cash on Delivery
105,1028,2023-09-09,Mumbai,Electronics,3138.36,0.2,-401.24,Cash on Delivery
106,1014,2023-09-03,Mumbai,Furniture,2713.96,0.2,-76.24,Cash on Delivery
107,1044,2023-10-19,Delhi,Accessories,4480.07,0.2,-585.04,Credit Card
108,1064,2023-11-13,Chennai,Furniture,3964.13,0.05,403.89,Cash on Delivery
109,1088,2023-03-03,Hyderabad,Electronics,843.21,0.3,-124.98,Cash on Delivery
110,1070,2023-04-23,Pune,Furniture,1627.44,0.2,-217.26,Debit Card
111,1008,2023-05-23,Chennai,Accessories,1317.6,0.3,-214.5,Cash on Delivery
112,1087,2023-03-10,Pune,Accessories,3745.34,0.1,-83.34,Credit Card
113,1000,2023-03-31,Delhi,Accessories,264.31,0.1,40.19,Credit Card
114,1007,2023-05-09,Delhi,Electronics,2892.46,0.2,251.42,Credit Card
115,1087,2023-08-08,Bangalore,Accessories,3836.05,0.3,-889.66,Debit Card
116,1062,2023-01-12,Delhi,Electronics,4396.15,0.3,-49.33,Debit Card
117,1010,2023-02-17,Delhi,Furniture,1776.2,0.3,-212.0,UPI
118,1080,2023-06-12,Pune,Accessories,4124.16,0.05,308.86,Cash on Delivery
119,1007,2023-06-14,Bangalore,Furniture,642.1,0.1,-19.77,Debit Card
120,1034,2023-04-20,Delhi,Clothing,4247.62,0.3,-530.29,Credit Card
121,1034,2023-02-14,Chennai,Furniture,724.69,0.3,-37.23,Credit Card
122,1032,2023-12-11,Delhi,Clothing,2046.71,0.05,361.8,Debit Card
123,1004,2023-08-20,Bangalore,Furniture,4006.75,0.05,50.31,Debit Card
124,1040,2023-12-13,Hyderabad,Electronics,834.6,0.3,-193.44,Debit Card
125,1027,2023-12-10,Bangalore,Furniture,1223.33,0.0,184.38,UPI
126,1006,2023-04-16,Pune,Electronics,3639.04,0.3,-641.12,Credit Card
127,1072,2023-10-01,Hyderabad,Electronics,3628.18,0.3,-696.26,UPI
128,1071,2023-03-26,Chennai,Accessories,3241.62,0.05,227.73,UPI
129,1011,2023-03-03,Mumbai,Electronics,3500.35,0.05,703.12,Cash on Delivery
130,1033,2023-07-27,Bangalore,Clothing,2759.35,0.3,-48.82,Credit Card
131,1032,2023-07-03,Pune,Accessories,1333.82,0.3,-198.37,Credit Card
132,1047,2023-10-02,Chennai,Accessories,1793.91,0.3,-42.11,Debit Card
133,1022,2023-02-28,Hyderabad,Furniture,989.83,0.05,79.56,Debit Card
134,1061,2023-01-30,Chennai,Electronics,4551.41,0.3,-595.74,Cash on Delivery
135,1087,2023-08-30,Bangalore,Electronics,2958.62,0.3,-572.47,UPI
136,1036,2023-03-09,Delhi,Clothing,2064.17,0.2,20.89,Debit Card
137,1098,2023-12-18,Bangalore,Furniture,2363.83,0.0,696.73,Debit Card
138,1043,2023-05-18,Mumbai,Furniture,4741.69,0.1,478.31,Credit Card
139,1085,2023-12-19,Bangalore,Accessories,851.42,0.0,118.73,Credit Card
140,1090,2023-10-08,Hyderabad,Accessories,2972.53,0.2,35.53,Debit Card
141,1034,2023-04-07,Hyderabad,Accessories,2578.85,0.1,-49.69,Credit Card
142,1064,2023-04-16,Bangalore,Clothing,3096.13,0.3,-86.18,Cash on Delivery
143,1098,2023-02-09,Hyderabad,Clothing,188.74,0.2,-4.57,Debit Card
144,1046,2023-08-29,Delhi,Accessories,4373.41,0.3,-602.05,Credit Card
145,1077,2023-09-10,Chennai,Furniture,4667.38,0.05,683.61,Cash on Delivery
146,1002,2023-06-16,Bangalore,Clothing,2869.15,0.2,17.78,Credit Card
147,1000,2023-03-04,Delhi,Furniture,3513.59,0.05,63.05,Credit Card
148,1004,2023-02-01,Chennai,Furniture,4620.25,0.2,95.43,Credit Card
149,1089,2023-08-02,Chennai,Electronics,3565.47,0.2,-319.17,Debit Card
150,1013,2023-11-07,Delhi,Accessories,847.44,0.05,151.26,UPI
151,1026,2023-05-05,Pune,Electronics,2923.81,0.1,455.04,Credit Card
152,1008,2023-05-13,Bangalore,Accessories,3072.9,0.0,771.27,Cash on Delivery
153,1078,2023-04-02,Chennai,Accessories,2178.24,0.3,-243.69,Debit Card
154,1014,2023-02-21,Chennai,Furniture,3708.58,0.2,-74.01,Debit Card
155,1089,2023-03-20,Hyderabad,Accessories,4678.4,0.3,-1002.49,Cash on Delivery
156,1041,2023-05-23,Chennai,Furniture,4635.29,0.05,898.49,Credit Card
157,1076,2023-12-24,Delhi,Furniture,2309.11,0.3,-420.6,UPI
158,1050,2023-09-15,Chennai,Accessories,654.87,0.05,81.32,Credit Card
159,1062,2023-06-25,Pune,Furniture,4925.72,0.3,-881.37,Cash on Delivery
160,1095,2023-06-25,Bangalore,Furniture,4210.6,0.0,351.4,Debit Card
161,1051,2023-10-31,Bangalore,Furniture,710.85,0.0,147.42,UPI
162,1095,2023-10-15,Chennai,Clothing,4612.13,0.0,293.25,Debit Card
163,1003,2023-05-13,Mumbai,Furniture,4362.49,0.0,1034.61,Cash on Delivery
164,1093,2023-07-23,Mumbai,Clothing,2642.31,0.0,341.91,Credit Card
165,1022,2023-03-25,Delhi,Clothing,2997.25,0.0,149.96,UPI
166,1014,2023-08-08,Mumbai,Furniture,2055.11,0.05,262.61,Debit Card
167,1042,2023-05-27,Delhi,Furniture,368.33,0.2,-50.94,Debit Card
168,1028,2023-10-24,Hyderabad,Clothing,1742.47,0.3,-315.31,Debit Card
169,1035,2023-03-11,Delhi,Clothing,4033.98,0.0,914.68,Credit Card
170,1012,2023-07-04,Mumbai,Furniture,122.7,0.05,1.92,UPI
171,1031,2023-11-02,Chennai,Furniture,1734.15,0.05,363.88,Credit Card
172,1070,2023-03-13,Hyderabad,Accessories,2051.03,0.05,1.96,Credit Card
173,1058,2023-02-04,Mumbai,Clothing,2733.24,0.2,-241.33,Credit Card
174,1085,2023-03-07,Delhi,Clothing,4607.29,0.3,-298.43,Cash on Delivery
175,1027,2023-10-27,Pune,Accessories,1797.1,0.2,-127.47,Cash on Delivery
176,1065,2023-08-15,Bangalore,Clothing,1800.07,0.1,-44.15,Cash on Delivery
177,1041,2023-10-20,Mumbai,Electronics,3713.76,0.05,334.46,UPI
178,1044,2023-07-17,Delhi,Clothing,2315.87,0.1,40.76,Credit Card
179,1061,2023-01-18,Hyderabad,Accessories,1200.56,0.0,312.96,Credit Card
180,1056,2023-09-15,Mumbai,Electronics,2316.95,0.0,297.35,Cash on Delivery
181,1005,2023-03-24,Mumbai,Furniture,790.2,0.2,37.32,Credit Card
182,1027,2023-02-12,Bangalore,Accessories,964.3,0.3,-26.07,Credit Card
183,1027,2023-09-02,Delhi,Accessories,2542.0,0.1,148.59,Debit Card
184,1043,2023-05-15,Pune,Furniture,2152.73,0.3,-48.47,Credit Card
185,1083,2023-07-03,Hyderabad,Accessories,4582.74,0.2,-255.12,Debit Card
186,1029,2023-06-18,Delhi,Clothing,1875.73,0.0,545.87,Credit Card
187,1061,2023-05-13,Hyderabad,Furniture,2944.88,0.3,-670.48,UPI
188,1074,2023-02-18,Mumbai,Accessories,3198.1,0.3,-250.24,Cash on Delivery
189,1091,2023-02-03,Bangalore,Furniture,164.16,0.0,28.47,Debit Card
190,1088,2023-07-22,Bangalore,Furniture,3351.33,0.1,157.22,Cash on Delivery
191,1061,2023-05-23,Chennai,Furniture,972.38,0.0,202.43,Debit Card
192,1096,2023-01-07,Pune,Electronics,4809.24,0.3,-356.06,Debit Card
193,1000,2023-12-15,Bangalore,Accessories,828.45,0.1,-40.52,Debit Card
194,1026,2023-07-26,Mumbai,Electronics,2131.66,0.1,-17.61,UPI
195,1061,2023-09-23,Pune,Accessories,518.21,0.0,118.29,Credit Card
196,1076,2023-10-08,Delhi,Clothing,4984.68,0.3,-415.74,Debit Card
197,1002,2023-09-19,Bangalore,Clothing,2560.76,0.2,234.34,UPI
198,1069,2023-02-23,Pune,Clothing,3017.39,0.3,-180.26,Debit Card
199,1071,2023-02-21,Mumbai,Accessories,428.67,0.05,101.89,Credit Card
200,1026,2023-12-26,Chennai,Furniture,3774.81,0.2,96.77,Debit Card
201,1008,2023-01-29,Hyderabad,Furniture,1128.54,0.1,27.66,UPI
202,1061,2023-04-14,Hyderabad,Electronics,4500.47,0.2,-556.52,Credit Card
203,1036,2023-10-13,Mumbai,Electronics,1105.18,0.1,160.76,UPI
204,1096,2023-10-08,Mumbai,Clothing,1034.37,0.1,114.85,Credit Card
205,1050,2023-09-09,Hyderabad,Electronics,279.09,0.2,-38.5,Credit Card
206,1043,2023-11-02,Chennai,Accessories,2413.13,0.1,96.56,Cash on Delivery
207,1023,2023-12-22,Pune,Accessories,2867.72,0.1,542.57,Cash on Delivery
208,1078,2023-01-27,Hyderabad,Electronics,421.97,0.05,52.79,Cash on Delivery
209,1058,2023-12-07,Mumbai,Electronics,3900.09,0.3,-553.1,Credit Card
210,1031,2023-04-11,Bangalore,Electronics,2321.12,0.3,-314.69,Debit Card
211,1095,2023-04-19,Delhi,Electronics,2669.51,0.05,139.4,UPI
212,1087,2023-06-28,Chennai,Clothing,2259.74,0.2,-130.67,UPI
213,1051,2023-06-10,Chennai,Clothing,2063.74,0.0,293.99,UPI
214,1061,2023-09-23,Bangalore,Electronics,2842.24,0.0,179.31,Cash on Delivery
215,1057,2023-01-13,Bangalore,Accessories,860.68,0.0,208.19,Credit Card
216,1051,2023-01-19,Mumbai,Clothing,991.45,0.05,103.24,Cash on Delivery
217,1011,2023-06-02,Hyderabad,Accessories,4322.75,0.05,888.52,Debit Card
218,1038,2023-01-26,Pune,Furniture,4735.97,0.1,770.01,Credit Card
219,1001,2023-11-08,Chennai,Accessories,1929.22,0.0,198.71,UPI
220,1002,2023-12-07,Chennai,Electronics,1426.65,0.2,20.46,Cash on Delivery
221,1055,2023-01-10,Bangalore,Furniture,3255.6,0.2,-103.95,Cash on Delivery
222,1080,2023-07-23,Hyderabad,Clothing,2102.8,0.0,567.84,Debit Card
223,1058,2023-05-16,Chennai,Clothing,224.39,0.0,23.32,Debit Card
224,1001,2023-11-16,Pune,Furniture,865.15,0.0,189.86,Cash on Delivery
225,1001,2023-06-22,Bangalore,Accessories,3608.26,0.05,548.23,Debit Card
226,1091,2023-04-20,Pune,Clothing,3328.73,0.05,245.74,UPI
227,1053,2023-01-08,Hyderabad,Electronics,232.77,0.05,7.95,Debit Card
228,1086,2023-11-19,Chennai,Furniture,1187.66,0.3,-103.43,Debit Card
229,1095,2023-09-17,Delhi,Electronics,1232.27,0.2,42.7,Cash on Delivery
230,1096,2023-04-08,Chennai,Furniture,3392.27,0.2,-241.17,Cash on Delivery
231,1000,2023-12-02,Hyderabad,Clothing,196.58,0.1,21.86,Credit Card
232,1018,2023-12-22,Chennai,Accessories,610.13,0.05,60.27,Credit Card
233,1001,2023-08-25,Chennai,Furniture,4019.59,0.3,-288.2,Cash on Delivery
234,1052,2023-08-05,Mumbai,Furniture,974.87,0.3,-195.17,Debit Card
235,1043,2023-04-26,Chennai,Electronics,3298.46,0.2,239.32,Debit Card
236,1089,2023-02-26,Chennai,Clothing,1267.1,0.05,91.04,Credit Card
237,1031,2023-01-31,Pune,Electronics,587.26,0.1,24.63,Credit Card
238,1069,2023-11-15,Delhi,Clothing,1291.54,0.05,18.76,Credit Card
239,1031,2023-03-18,Pune,Electronics,3639.11,0.0,283.41,UPI
240,1067,2023-11-08,Pune,Furniture,4292.91,0.05,553.64,UPI
241,1054,2023-06-23,Bangalore,Electronics,4168.08,0.0,487.24,Credit Card
242,1074,2023-04-09,Mumbai,Accessories,2046.2,0.0,529.7,Debit Card
243,1055,2023-08-04,Pune,Clothing,3373.62,0.1,-156.29,Credit Card
244,1016,2023-01-22,Hyderabad,Clothing,1104.42,0.2,-60.99,UPI
245,1037,2023-04-01,Hyderabad,Furniture,1536.42,0.05,129.58,Debit Card
246,1023,2023-08-23,Chennai,Clothing,4492.05,0.0,246.31,UPI
247,1068,2023-05-21,Bangalore,Accessories,163.71,0.05,5.09,Debit Card
248,1097,2023-06-24,Mumbai,Electronics,518.99,0.2,-24.18,UPI
249,1069,2023-12-06,Mumbai,Furniture,1118.64,0.2,-29.96,Debit Card
250,1085,2023-12-07,Chennai,Accessories,230.01,0.3,-34.25,Debit Card
251,1010,2023-11-09,Hyderabad,Clothing,989.03,0.2,-17.08,Debit Card
252,1015,2023-01-25,Delhi,Clothing,2956.9,0.1,292.09,Debit Card
253,1096,2023-11-06,Bangalore,Accessories,2164.98,0.0,113.62,Cash on Delivery
254,1072,2023-06-22,Chennai,Electronics,4474.09,0.3,-599.42,UPI
255,1058,2023-01-26,Bangalore,Electronics,4105.47,0.1,783.63,UPI
256,1069,2023-08-17,Hyderabad,Furniture,1774.91,0.05,230.31,Cash on Delivery
257,1079,2023-02-28,Hyderabad,Clothing,1371.17,0.0,300.81,Debit Card
258,1092,2023-05-23,Delhi,Accessories,1960.49,0.2,-141.22,Debit Card
259,1002,2023-05-19,Delhi,Electronics,2992.45,0.0,728.66,UPI
260,1019,2023-05-10,Mumbai,Furniture,1413.51,0.05,273.13,Cash on Delivery
261,1058,2023-08-05,Bangalore,Clothing,3158.33,0.3,-377.98,Debit Card
262,1035,2023-10-31,Bangalore,Clothing,2106.12,0.3,-12.63,Debit Card
263,1018,2023-02-28,Hyderabad,Furniture,2805.03,0.3,-613.21,Debit Card
264,1089,2023-07-23,Mumbai,Furniture,2237.02,0.2,-326.07,Credit Card
265,1066,2023-11-02,Chennai,Electronics,1542.88,0.1,219.92,Cash on Delivery
266,1018,2023-05-29,Bangalore,Accessories,4747.42,0.1,720.61,Debit Card
267,1019,2023-11-23,Mumbai,Clothing,3841.67,0.0,307.53,Credit Card
268,1095,2023-09-21,Mumbai,Accessories,786.55,0.2,-65.76,Cash on Delivery
269,1070,2023-01-16,Hyderabad,Clothing,4355.49,0.3,-1069.76,Debit Card
270,1051,2023-12-28,Mumbai,Clothing,2488.41,0.3,-439.63,UPI
271,1032,2023-09-15,Delhi,Accessories,4483.31,0.05,866.56,Credit Card
272,1039,2023-02-27,Delhi,Furniture,4019.29,0.05,520.46,Credit Card
273,1038,2023-01-10,Pune,Electronics,2183.55,0.3,-355.87,Debit Card
274,1081,2023-01-09,Hyderabad,Clothing,210.1,0.3,-33.0,Debit Card
275,1000,2023-05-17,Chennai,Furniture,1416.52,0.2,-212.0,Credit Card
276,1010,2023-01-31,Pune,Clothing,2754.01,0.1,68.71,UPI
277,1091,2023-10-09,Delhi,Electronics,3204.04,0.05,517.82,UPI
278,1056,2023-08-12,Pune,Clothing,1363.65,0.1,263.93,Cash on Delivery
279,1088,2023-08-21,Hyderabad,Electronics,782.84,0.2,48.35,Debit Card
280,1049,2023-12-20,Hyderabad,Electronics,4191.16,0.3,-1023.07,UPI
281,1022,2023-08-02,Mumbai,Clothing,4923.57,0.1,859.85,Cash on Delivery
282,1030,2023-12-23,Bangalore,Clothing,2675.88,0.3,-145.03,UPI
283,1093,2023-05-05,Mumbai,Electronics,941.23,0.3,-51.68,Debit Card
284,1041,2023-01-02,Hyderabad,Furniture,1434.31,0.0,235.94,Cash on Delivery
285,1098,2023-10-15,Delhi,Accessories,190.11,0.1,9.41,Cash on Delivery
286,1006,2023-03-13,Chennai,Electronics,4580.06,0.1,117.84,Cash on Delivery
287,1015,2023-03-20,Delhi,Clothing,676.98,0.3,-158.13,UPI
288,1089,2023-07-23,Mumbai,Clothing,2924.93,0.2,-271.85,Debit Card
289,1059,2023-12-09,Chennai,Furniture,1442.87,0.0,161.1,Cash on Delivery
290,1001,2023-07-28,Hyderabad,Accessories,2815.47,0.3,-363.14,Credit Card
291,1000,2023-10-19,Delhi,Electronics,3291.96,0.05,615.14,Debit Card
292,1047,2023-11-17,Hyderabad,Electronics,4165.73,0.05,493.44,Credit Card
293,1011,2023-07-19,Chennai,Accessories,1111.46,0.0,71.65,Credit Card
294,1068,2023-03-02,Chennai,Electronics,153.88,0.2,13.76,Cash on Delivery
295,1036,2023-11-16,Delhi,Accessories,770.74,0.3,-11.04,Cash on Delivery
296,1031,2023-11-17,Hyderabad,Clothing,4510.09,0.1,659.81,UPI
297,1008,2023-09-28,Pune,Accessories,4382.06,0.0,1305.12,UPI
298,1098,2023-08-19,Hyderabad,Electronics,3027.32,0.2,-42.02,UPI
299,1018,2023-12-24,Chennai,Accessories,3042.53,0.1,580.19,Debit Card
300,1047,2023-03-16,Hyderabad,Furniture,3358.68,0.05,63.48,UPI
301,1079,2023-09-03,Mumbai,Clothing,959.32,0.05,87.7,Credit Card
302,1002,2023-01-10,Pune,Clothing,4580.62,0.1,29.07,UPI
303,1019,2023-11-17,Bangalore,Accessories,2151.98,0.0,212.96,Cash on Delivery
304,1023,2023-05-08,Mumbai,Electronics,1977.38,0.05,69.61,UPI
305,1053,2023-11-27,Bangalore,Furniture,2642.7,0.3,-249.46,Debit Card
306,1032,2023-06-26,Delhi,Clothing,330.13,0.1,47.98,Debit Card
307,1023,2023-08-01,Bangalore,Clothing,914.79,0.1,86.52,Credit Card
308,1074,2023-03-27,Hyderabad,Electronics,3716.36,0.05,136.54,Debit Card
309,1071,2023-01-31,Bangalore,Electronics,505.71,0.0,127.83,UPI
310,1035,2023-03-15,Chennai,Furniture,3055.45,0.3,-278.08,Cash on Delivery
311,1037,2023-02-22,Mumbai,Accessories,1302.21,0.0,191.48,Debit Card
312,1083,2023-11-30,Mumbai,Electronics,2007.55,0.2,37.21,Credit Card
313,1098,2023-02-06,Bangalore,Accessories,1514.6,0.2,-128.78,UPI
314,1088,2023-04-04,Mumbai,Furniture,1842.8,0.05,159.03,Credit Card
315,1098,2023-06-09,Chennai,Accessories,3623.32,0.05,831.09,Debit Card
316,1024,2023-03-03,Mumbai,Clothing,1555.9,0.05,113.0,Debit Card
317,1092,2023-10-06,Bangalore,Accessories,2875.38,0.2,-93.46,Credit Card
318,1017,2023-03-31,Pune,Furniture,2432.65,0.0,662.98,UPI
319,1081,2023-06-14,Pune,Furniture,3351.99,0.0,760.67,Debit Card
320,1065,2023-11-02,Delhi,Furniture,4690.47,0.05,72.94,Cash on Delivery
321,1053,2023-05-23,Mumbai,Accessories,3689.6,0.3,-786.53,Debit Card
322,1034,2023-08-04,Bangalore,Clothing,1153.21,0.0,59.92,UPI
323,1079,2023-04-22,Mumbai,Electronics,252.8,0.2,1.95,Debit Card
324,1060,2023-10-01,Hyderabad,Clothing,1385.09,0.1,85.76,Credit Card
325,1040,2023-03-29,Chennai,Accessories,3015.88,0.1,-49.55,Debit Card
326,1099,2023-10-25,Mumbai,Accessories,351.99,0.1,66.7,Debit Card
327,1032,2023-03-11,Mumbai,Electronics,2532.19,0.3,-297.75,UPI
328,1067,2023-12-01,Pune,Accessories,3024.53,0.05,182.9,Credit Card
329,1032,2023-04-12,Chennai,Furniture,1737.8,0.2,-43.18,UPI
330,1013,2023-07-11,Bangalore,Furniture,3877.47,0.3,-310.57,Debit Card
331,1020,2023-01-04,Mumbai,Furniture,622.33,0.2,-81.49,Cash on Delivery
332,1047,2023-07-28,Pune,Furniture,468.18,0.2,-38.07,Debit Card
333,1019,2023-07-10,Delhi,Furniture,3668.12,0.05,740.01,UPI
334,1007,2023-03-11,Chennai,Accessories,2527.91,0.1,164.1,Cash on Delivery
335,1006,2023-09-19,Pune,Electronics,3473.17,0.05,474.59,UPI
336,1066,2023-05-19,Pune,Electronics,2230.65,0.3,-316.3,UPI
337,1016,2023-11-16,Pune,Furniture,1307.37,0.3,-312.49,Credit Card
338,1032,2023-03-07,Mumbai,Accessories,4113.6,0.3,-857.94,Cash on Delivery
339,1047,2023-12-13,Mumbai,Clothing,4017.14,0.05,447.45,Debit Card
340,1075,2023-03-03,Delhi,Clothing,3504.01,0.2,-342.35,UPI
341,1058,2023-08-16,Hyderabad,Accessories,1433.51,0.2,-197.12,Debit Card
342,1085,2023-04-18,Hyderabad,Furniture,2992.13,0.0,780.68,Credit Card
343,1021,2023-11-03,Hyderabad,Electronics,1868.77,0.3,-8.79,Credit Card
344,1029,2023-04-14,Chennai,Accessories,548.75,0.2,26.5,Cash on Delivery
345,1037,2023-09-29,Chennai,Clothing,4594.84,0.0,1210.49,Credit Card
346,1050,2023-08-11,Delhi,Clothing,770.41,0.2,-68.96,Credit Card
347,1053,2023-11-17,Chennai,Clothing,4756.16,0.3,-46.82,Debit Card
348,1007,2023-12-17,Hyderabad,Furniture,2285.43,0.1,-1.76,Credit Card
349,1026,2023-07-09,Hyderabad,Clothing,1007.15,0.3,-12.23,Credit Card
350,1026,2023-01-27,Pune,Accessories,2755.31,0.05,685.26,UPI
351,1097,2023-04-09,Chennai,Accessories,4377.43,0.2,122.26,Credit Card
352,1020,2023-02-01,Mumbai,Clothing,3687.9,0.2,351.4,UPI
353,1029,2023-07-06,Mumbai,Accessories,4052.15,0.05,576.97,Credit Card
354,1096,2023-06-13,Pune,Clothing,3328.04,0.05,215.94,Credit Card
355,1027,2023-07-21,Pune,Clothing,3492.16,0.1,206.91,Cash on Delivery
356,1063,2023-09-11,Pune,Electronics,4261.06,0.2,-6.86,Cash on Delivery
357,1096,2023-06-02,Mumbai,Furniture,1323.37,0.2,-174.33,UPI
358,1068,2023-08-06,Hyderabad,Furniture,2498.18,0.1,263.77,Credit Card
359,1060,2023-11-07,Pune,Electronics,1183.93,0.0,349.61,Debit Card
360,1047,2023-07-11,Delhi,Electronics,4939.57,0.1,-12.22,Cash on Delivery
361,1018,2023-04-05,Pune,Furniture,4725.89,0.3,-245.04,Debit Card
362,1003,2023-09-08,Bangalore,Clothing,293.19,0.2,22.57,Cash on Delivery
363,1034,2023-01-04,Pune,Clothing,3557.32,0.05,839.26,Cash on Delivery
364,1063,2023-04-23,Mumbai,Furniture,4633.72,0.3,-46.18,Credit Card
365,1048,2023-02-03,Chennai,Clothing,984.82,0.2,-19.34,Cash on Delivery
366,1016,2023-02-26,Pune,Electronics,2882.93,0.1,560.23,Debit Card
367,1043,2023-11-02,Chennai,Clothing,4585.89,0.3,-278.24,Cash on Delivery
368,1091,2023-05-22,Bangalore,Clothing,266.34,0.2,-29.19,UPI
369,1029,2023-01-23,Delhi,Accessories,3517.36,0.0,595.23,Credit Card
370,1092,2023-02-05,Chennai,Accessories,1557.01,0.0,357.46,Credit Card
371,1045,2023-10-09,Hyderabad,Accessories,4629.54,0.05,286.27,UPI
372,1005,2023-04-07,Pune,Clothing,4858.19,0.2,49.33,UPI
373,1098,2023-11-08,Bangalore,Furniture,4726.91,0.0,1024.09,UPI
374,1036,2023-06-25,Bangalore,Electronics,2423.65,0.1,-22.6,Cash on Delivery
375,1023,2023-02-06,Chennai,Clothing,4324.01,0.2,-37.74,Credit Card
376,1092,2023-03-03,Delhi,Furniture,4238.29,0.1,605.68,UPI
377,1045,2023-09-13,Mumbai,Clothing,1663.59,0.1,124.31,Cash on Delivery
378,1052,2023-09-14,Pune,Electronics,4161.69,0.0,220.68,UPI
379,1094,2023-11-08,Bangalore,Clothing,281.34,0.2,-41.57,Debit Card
380,1098,2023-07-25,Delhi,Electronics,3021.72,0.3,-485.72,Debit Card
381,1059,2023-12-05,Hyderabad,Clothing,1227.04,0.0,345.47,Credit Card
382,1096,2023-06-27,Bangalore,Electronics,690.78,0.0,74.03,Cash on Delivery
383,1062,2023-09-21,Delhi,Clothing,477.07,0.2,4.1,Debit Card
384,1084,2023-11-21,Mumbai,Electronics,3511.82,0.2,-331.8,Debit Card
385,1031,2023-09-10,Mumbai,Accessories,1765.39,0.1,53.7,Cash on Delivery
386,1086,2023-06-30,Bangalore,Clothing,3651.36,0.2,226.42,UPI
387,1032,2023-05-10,Bangalore,Clothing,420.25,0.1,55.56,Cash on Delivery
388,1066,2023-07-25,Chennai,Furniture,1644.92,0.0,121.48,UPI
389,1017,2023-03-08,Pune,Furniture,2743.51,0.05,294.04,Debit Card
390,1024,2023-07-21,Delhi,Electronics,3974.54,0.3,-964.65,Debit Card
391,1094,2023-09-23,Bangalore,Clothing,1661.89,0.0,282.89,Debit Card
392,1053,2023-05-05,Pune,Electronics,3166.87,0.2,49.43,Credit Card
393,1057,2023-10-12,Chennai,Accessories,4441.29,0.3,-978.75,Credit Card
394,1066,2023-04-02,Pune,Furniture,3117.73,0.05,225.17,Credit Card
395,1045,2023-04-25,Bangalore,Electronics,1241.5,0.05,123.48,Cash on Delivery
396,1023,2023-12-24,Mumbai,Electronics,219.56,0.1,39.5,Debit Card
397,1031,2023-01-10,Delhi,Furniture,4363.48,0.3,-7.36,Debit Card
398,1046,2023-01-27,Delhi,Clothing,204.22,0.1,-7.92,Cash on Delivery
399,1085,2023-11-04,Mumbai,Electronics,4386.04,0.0,1053.75,Credit Card
400,1022,2023-12-01,Bangalore,Furniture,2691.79,0.3,-422.8,Cash on Delivery
401,1065,2023-08-30,Delhi,Clothing,4701.43,0.0,696.35,Credit Card
402,1026,2023-05-08,Bangalore,Accessories,4014.04,0.1,556.21,Debit Card
403,1001,2023-10-29,Chennai,Furniture,4989.88,0.3,-101.76,UPI
404,1089,2023-01-26,Bangalore,Electronics,1818.49,0.1,341.39,Credit Card
405,1016,2023-10-24,Pune,Accessories,3859.22,0.3,-407.99,Debit Card
406,1032,2023-06-29,Mumbai,Clothing,2069.46,0.1,81.29,Debit Card
407,1008,2023-08-20,Bangalore,Clothing,2451.39,0.05,482.65,UPI
408,1042,2023-03-27,Chennai,Furniture,3174.78,0.1,40.48,Debit Card
409,1047,2023-05-27,Hyderabad,Furniture,4381.02,0.05,617.8,Debit Card
410,1038,2023-03-11,Mumbai,Furniture,4922.01,0.1,195.13,Credit Card
411,1092,2023-06-18,Delhi,Clothing,3864.54,0.3,-331.74,Credit Card
412,1041,2023-08-06,Pune,Accessories,2147.06,0.3,-407.73,UPI
413,1025,2023-07-10,Delhi,Clothing,2164.65,0.3,-437.48,UPI
414,1098,2023-10-19,Chennai,Electronics,3714.15,0.2,295.5,Debit Card
415,1049,2023-08-11,Chennai,Clothing,1270.01,0.0,95.82,Credit Card
416,1024,2023-07-28,Delhi,Electronics,641.32,0.3,-79.21,UPI
417,1023,2023-02-27,Mumbai,Accessories,1837.65,0.05,101.46,UPI
418,1012,2023-01-09,Delhi,Furniture,1507.47,0.3,-362.2,Cash on Delivery
419,1059,2023-06-14,Bangalore,Furniture,1551.91,0.2,-218.81,UPI
420,1006,2023-08-11,Delhi,Clothing,1244.68,0.05,54.52,Debit Card
421,1056,2023-03-05,Pune,Furniture,306.26,0.2,20.43,Credit Card
422,1035,2023-07-17,Pune,Accessories,187.58,0.05,13.25,UPI
423,1044,2023-08-04,Hyderabad,Furniture,4939.84,0.1,926.79,Cash on Delivery
424,1019,2023-10-01,Pune,Clothing,2196.09,0.0,429.13,Credit Card
425,1064,2023-12-25,Delhi,Accessories,1983.2,0.0,315.63,UPI
426,1007,2023-02-27,Pune,Electronics,3430.27,0.2,-17.08,Cash on Delivery
427,1015,2023-08-11,Mumbai,Clothing,1169.44,0.0,209.53,UPI
428,1013,2023-12-19,Pune,Electronics,4754.81,0.2,188.74,Credit Card
429,1075,2023-05-27,Bangalore,Accessories,3953.09,0.2,-313.78,Credit Card
430,1086,2023-06-22,Mumbai,Clothing,538.11,0.2,-33.22,Credit Card
431,1014,2023-06-29,Hyderabad,Clothing,2146.15,0.0,587.02,Debit Card
432,1091,2023-10-30,Bangalore,Accessories,4407.68,0.2,381.77,UPI
433,1097,2023-06-30,Delhi,Furniture,4729.19,0.0,1291.73,Debit Card
434,1065,2023-02-18,Delhi,Clothing,2390.27,0.2,-107.89,Credit Card
435,1031,2023-11-10,Delhi,Clothing,3105.72,0.3,-170.53,Cash on Delivery
436,1086,2023-01-10,Bangalore,Electronics,918.47,0.2,-28.4,UPI
437,1062,2023-02-28,Bangalore,Furniture,4956.73,0.05,616.54,Debit Card
438,1085,2023-02-21,Bangalore,Electronics,1235.19,0.2,-122.07,UPI
439,1050,2023-05-30,Mumbai,Electronics,4719.39,0.1,461.47,Cash on Delivery
440,1024,2023-06-27,Chennai,Furniture,3283.27,0.2,-339.71,Debit Card
441,1057,2023-10-28,Mumbai,Furniture,3077.91,0.05,255.13,Credit Card
442,1062,2023-07-11,Delhi,Accessories,2612.17,0.05,558.37,Debit Card
443,1061,2023-06-09,Chennai,Furniture,1230.28,0.0,125.2,UPI
444,1021,2023-05-07,Pune,Clothing,964.99,0.3,-224.08,UPI
445,1057,2023-07-10,Delhi,Furniture,1180.38,0.2,-156.69,UPI
446,1057,2023-11-02,Hyderabad,Accessories,1013.55,0.0,289.06,UPI
447,1085,2023-01-14,Mumbai,Accessories,3919.96,0.3,-483.21,Credit Card
448,1048,2023-08-21,Bangalore,Accessories,1815.61,0.2,-86.51,Debit Card
449,1051,2023-01-13,Mumbai,Furniture,383.43,0.1,58.56,Credit Card
450,1041,2023-04-04,Bangalore,Furniture,4848.6,0.2,285.86,Credit Card
451,1069,2023-08-03,Chennai,Electronics,4430.55,0.05,367.95,Credit Card
452,1014,2023-07-13,Hyderabad,Electronics,4645.99,0.05,805.64,UPI
453,1053,2023-01-27,Chennai,Clothing,4975.05,0.1,710.34,UPI
454,1059,2023-08-21,Hyderabad,Electronics,952.09,0.0,203.43,UPI
455,1096,2023-10-10,Mumbai,Clothing,2041.59,0.3,-433.02,Debit Card
456,1007,2023-11-22,Bangalore,Accessories,3815.37,0.2,263.15,Cash on Delivery
457,1052,2023-01-27,Chennai,Electronics,3510.5,0.05,473.12,UPI
458,1059,2023-01-25,Hyderabad,Furniture,854.09,0.0,103.02,Debit Card
459,1004,2023-09-17,Delhi,Electronics,4097.58,0.1,230.72,UPI
460,1067,2023-08-16,Delhi,Clothing,1199.76,0.05,11.27,UPI
461,1005,2023-05-16,Chennai,Electronics,1196.71,0.1,-21.58,Credit Card
462,1095,2023-06-06,Bangalore,Accessories,2731.17,0.2,113.03,Credit Card
463,1093,2023-07-04,Chennai,Furniture,3005.41,0.3,-751.34,Credit Card
464,1046,2023-06-14,Mumbai,Clothing,2942.42,0.05,306.43,Debit Card
465,1098,2023-04-06,Hyderabad,Furniture,548.29,0.05,71.62,Cash on Delivery
466,1054,2023-07-14,Mumbai,Furniture,4399.56,0.2,-599.84,Cash on Delivery
467,1039,2023-05-20,Delhi,Clothing,1401.44,0.0,411.0,Debit Card
468,1051,2023-12-23,Hyderabad,Furniture,734.62,0.3,-142.13,UPI
469,1015,2023-11-11,Chennai,Furniture,4454.87,0.05,338.79,Debit Card
470,1012,2023-03-18,Mumbai,Electronics,4782.69,0.3,-832.26,UPI
471,1029,2023-07-14,Pune,Furniture,4324.43,0.05,249.11,Debit Card
472,1018,2023-06-03,Bangalore,Furniture,4066.63,0.3,-1015.16,Debit Card
473,1016,2023-01-04,Bangalore,Furniture,3310.69,0.1,438.12,Debit Card
474,1062,2023-05-14,Pune,Furniture,2799.2,0.05,676.6,Cash on Delivery
475,1018,2023-09-11,Delhi,Clothing,526.24,0.3,-102.05,Credit Card
476,1091,2023-11-14,Hyderabad,Accessories,2101.42,0.0,453.41,Debit Card
477,1057,2023-05-01,Bangalore,Electronics,1926.17,0.1,260.95,Cash on Delivery
478,1054,2023-02-10,Pune,Furniture,1372.79,0.1,222.54,Credit Card
479,1089,2023-08-05,Chennai,Furniture,3644.76,0.0,567.33,Credit Card
480,1089,2023-07-14,Pune,Clothing,2529.79,0.3,-440.86,Debit Card
481,1061,2023-05-27,Delhi,Accessories,497.13,0.2,-34.14,UPI
482,1022,2023-04-24,Delhi,Furniture,1178.9,0.0,268.97,UPI
483,1008,2023-11-30,Mumbai,Clothing,3447.97,0.3,-157.93,UPI
484,1011,2023-06-24,Bangalore,Electronics,473.04,0.0,45.13,Debit Card
485,1000,2023-04-18,Mumbai,Electronics,4270.91,0.0,609.61,UPI
486,1057,2023-02-02,Pune,Furniture,2526.22,0.05,569.62,Cash on Delivery
487,1000,2023-05-22,Hyderabad,Furniture,2454.87,0.3,-118.64,Cash on Delivery
488,1033,2023-08-21,Hyderabad,Accessories,3002.8,0.2,288.91,Cash on Delivery
489,1095,2023-05-22,Delhi,Accessories,4140.94,0.05,780.82,Cash on Delivery
490,1047,2023-04-24,Hyderabad,Furniture,1804.27,0.0,267.57,Credit Card
491,1088,2023-02-27,Hyderabad,Clothing,3422.28,0.0,676.45,Cash on Delivery
492,1000,2023-10-10,Hyderabad,Accessories,2872.09,0.0,618.23,UPI
493,1015,2023-01-01,Pune,Furniture,1408.44,0.3,-324.48,Debit Card
494,1060,2023-03-18,Hyderabad,Accessories,4405.29,0.3,-501.66,UPI
495,1063,2023-04-09,Chennai,Furniture,4007.39,0.05,710.63,Cash on Delivery
496,1062,2023-10-01,Hyderabad,Electronics,3326.41,0.2,-359.82,Credit Card
497,1068,2023-07-17,Hyderabad,Furniture,4267.85,0.05,832.9,Cash on Delivery
498,1021,2023-11-20,Mumbai,Electronics,4349.74,0.1,417.33,Debit Card
499,1092,2023-06-21,Pune,Accessories,3570.98,0.0,1028.64,UPI
500,1066,2023-04-23,Delhi,Furniture,4201.37,0.0,254.63,Debit Card
501,1075,2023-11-19,Mumbai,Accessories,3517.61,0.0,409.21,Debit Card
502,1025,2023-05-19,Bangalore,Electronics,3432.69,0.05,516.24,Debit Card
503,1015,2023-09-27,Pune,Furniture,3131.2,0.05,232.15,UPI
504,1050,2023-05-06,Chennai,Accessories,3788.31,0.0,866.03,Cash on Delivery
505,1085,2023-08-03,Pune,Electronics,877.17,0.05,166.44,Debit Card
506,1056,2023-02-18,Bangalore,Accessories,4416.27,0.3,-990.88,UPI
507,1028,2023-03-19,Bangalore,Clothing,4372.03,0.3,-531.36,Credit Card
508,1077,2023-10-21,Bangalore,Electronics,243.31,0.05,30.95,UPI
509,1091,2023-10-01,Delhi,Electronics,4146.5,0.0,590.13,Credit Card
510,1068,2023-03-28,Hyderabad,Electronics,731.46,0.05,170.6,UPI
511,1046,2023-05-03,Pune,Furniture,1742.08,0.05,360.4,Cash on Delivery
512,1093,2023-06-06,Hyderabad,Furniture,3743.19,0.05,652.45,Debit Card
513,1061,2023-09-18,Hyderabad,Furniture,887.72,0.1,114.14,Cash on Delivery
514,1068,2023-10-12,Chennai,Clothing,4108.04,0.3,-552.82,UPI
515,1075,2023-12-21,Bangalore,Clothing,4177.46,0.2,335.24,Debit Card
516,1015,2023-09-11,Delhi,Electronics,2586.59,0.2,61.17,Credit Card
517,1089,2023-02-10,Chennai,Clothing,131.29,0.1,17.36,UPI
518,1089,2023-11-16,Mumbai,Accessories,1506.49,0.05,324.53,Debit Card
519,1047,2023-07-19,Delhi,Electronics,3122.94,0.1,57.83,Credit Card
520,1084,2023-03-10,Hyderabad,Electronics,4907.81,0.1,744.85,Credit Card
521,1038,2023-11-15,Delhi,Accessories,3195.89,0.0,315.79,Cash on Delivery
522,1099,2023-11-19,Bangalore,Electronics,1373.04,0.3,-224.72,UPI
523,1032,2023-02-15,Mumbai,Clothing,3206.63,0.2,-211.95,Credit Card
524,1093,2023-06-12,Bangalore,Furniture,2745.93,0.05,671.74,Debit Card
525,1022,2023-05-15,Mumbai,Accessories,3921.24,0.2,251.49,Credit Card
526,1009,2023-02-28,Chennai,Clothing,624.21,0.2,15.79,Credit Card
527,1068,2023-06-15,Hyderabad,Accessories,3829.04,0.3,-261.28,Cash on Delivery
528,1099,2023-11-04,Mumbai,Accessories,2752.21,0.2,-26.1,Cash on Delivery
529,1033,2023-10-27,Mumbai,Electronics,4818.66,0.2,418.13,Debit Card
530,1051,2023-03-26,Mumbai,Electronics,1775.17,0.1,131.48,Cash on Delivery
531,1094,2023-05-12,Delhi,Clothing,3199.85,0.3,-495.56,Credit Card
532,1009,2023-03-14,Chennai,Accessories,4666.94,0.0,423.57,Credit Card
533,1018,2023-12-05,Delhi,Electronics,602.3,0.05,118.38,Cash on Delivery
534,1057,2023-02-12,Hyderabad,Electronics,4692.42,0.2,157.72,Credit Card
535,1095,2023-01-11,Mumbai,Accessories,3470.64,0.05,333.49,Credit Card
536,1000,2023-05-30,Chennai,Clothing,432.4,0.0,24.34,Debit Card
537,1068,2023-06-22,Chennai,Clothing,1574.72,0.05,330.3,Cash on Delivery
538,1003,2023-10-06,Pune,Accessories,3570.04,0.0,188.69,Credit Card
539,1015,2023-08-11,Hyderabad,Clothing,430.02,0.1,54.15,Cash on Delivery
540,1023,2023-05-27,Chennai,Electronics,2952.64,0.2,273.31,Debit Card
541,1079,2023-06-26,Mumbai,Accessories,1794.83,0.0,286.12,Cash on Delivery
542,1001,2023-05-26,Mumbai,Electronics,3142.49,0.05,184.6,Credit Card
543,1091,2023-01-04,Chennai,Furniture,324.14,0.2,8.5,Cash on Delivery
544,1031,2023-04-20,Delhi,Furniture,4370.53,0.1,674.29,Credit Card
545,1090,2023-07-31,Hyderabad,Clothing,4870.1,0.2,-65.22,Credit Card
546,1083,2023-12-20,Mumbai,Furniture,4847.5,0.0,1414.3,Credit Card
547,1023,2023-01-14,Chennai,Electronics,3773.29,0.1,-139.92,Debit Card
548,1011,2023-10-31,Mumbai,Furniture,737.42,0.05,93.06,Cash on Delivery
549,1049,2023-04-17,Chennai,Electronics,3815.49,0.1,494.54,Debit Card
550,1034,2023-10-13,Hyderabad,Clothing,220.48,0.1,36.52,Cash on Delivery
551,1032,2023-12-25,Chennai,Clothing,208.41,0.3,-42.76,Debit Card
552,1032,2023-07-23,Pune,Electronics,1685.69,0.1,252.85,UPI
553,1060,2023-04-19,Chennai,Furniture,2494.35,0.1,219.94,Credit Card
554,1050,2024-01-01,Chennai,Clothing,3875.0,0.2,-197.09,Credit Card
555,1042,2023-05-21,Hyderabad,Accessories,3448.15,0.05,113.54,Debit Card
556,1011,2023-09-19,Chennai,Clothing,2284.92,0.2,151.54,UPI
557,1066,2023-12-25,Hyderabad,Furniture,1440.77,0.2,-159.47,Credit Card
558,1064,2023-05-30,Pune,Accessories,4985.91,0.0,635.44,Cash on Delivery
559,1032,2023-05-12,Hyderabad,Furniture,2188.29,0.2,-169.57,Debit Card
560,1039,2023-01-20,Mumbai,Electronics,2311.8,0.3,-74.32,Credit Card
561,1073,2023-07-10,Hyderabad,Accessories,901.76,0.3,-73.79,Credit Card
562,1042,2023-12-05,Pune,Furniture,3994.57,0.0,995.33,Debit Card
563,1043,2023-03-06,Bangalore,Accessories,3499.04,0.05,219.1,Debit Card
564,1028,2023-01-16,Chennai,Furniture,1181.77,0.05,184.61,Cash on Delivery
565,1012,2023-03-04,Hyderabad,Accessories,503.67,0.2,-3.56,Cash on Delivery
566,1011,2023-07-15,Chennai,Furniture,3434.45,0.2,199.91,Credit Card
567,1094,2023-07-10,Delhi,Electronics,3307.1,0.2,253.07,Credit Card
568,1045,2023-12-15,Mumbai,Accessories,1438.97,0.05,4.37,Debit Card
569,1001,2023-09-15,Mumbai,Accessories,4759.23,0.1,563.99,Credit Card
570,1034,2023-11-17,Delhi,Accessories,840.18,0.3,-199.16,Credit Card
571,1086,2023-03-04,Delhi,Accessories,2218.44,0.1,193.48,Debit Card
572,1080,2023-02-10,Hyderabad,Electronics,4723.72,0.1,103.49,Credit Card
573,1089,2023-02-07,Delhi,Accessories,2156.66,0.05,165.4,Credit Card
574,1007,2023-04-28,Bangalore,Clothing,3228.78,0.1,123.47,UPI
575,1092,2023-09-03,Chennai,Electronics,2048.21,0.0,420.54,Cash on Delivery
576,1025,2023-08-26,Chennai,Clothing,1443.65,0.2,-95.98,Debit Card
577,1073,2023-10-25,Pune,Accessories,4921.49,0.0,1147.57,UPI
578,1089,2023-08-04,Delhi,Furniture,2105.74,0.3,-313.48,Cash on Delivery
579,1033,2023-11-11,Delhi,Clothing,4481.09,0.2,-595.59,Cash on Delivery
580,1006,2023-04-16,Bangalore,Accessories,1226.78,0.1,179.04,Cash on Delivery
581,1067,2023-12-09,Mumbai,Clothing,1144.21,0.3,-204.31,UPI
582,1057,2023-05-10,Mumbai,Accessories,252.56,0.2,-10.56,UPI
583,1074,2023-08-15,Chennai,Accessories,3293.17,0.1,399.66,Cash on Delivery
584,1028,2023-10-07,Chennai,Accessories,1905.78,0.0,253.69,Credit Card
585,1035,2023-12-23,Hyderabad,Furniture,4335.36,0.2,-588.97,Credit Card
586,1088,2023-02-01,Bangalore,Clothing,2418.73,0.1,105.17,UPI
587,1020,2023-03-13,Pune,Electronics,4844.15,0.0,1385.97,UPI
588,1035,2023-02-09,Pune,Electronics,1009.08,0.3,-90.38,UPI
589,1009,2023-09-28,Bangalore,Electronics,4356.25,0.3,-357.78,Cash on Delivery
590,1072,2023-06-04,Pune,Electronics,3905.32,0.3,-359.01,Credit Card
591,1023,2023-11-29,Mumbai,Accessories,3877.52,0.3,-776.48,UPI
592,1063,2023-04-25,Pune,Clothing,4239.44,0.05,443.38,UPI
593,1098,2023-08-13,Pune,Clothing,3829.02,0.2,144.49,Debit Card
594,1048,2023-12-15,Bangalore,Furniture,3168.48,0.2,-394.97,Cash on Delivery
595,1098,2023-10-06,Bangalore,Clothing,743.1,0.05,51.62,Debit Card
596,1035,2023-02-17,Pune,Clothing,259.38,0.1,4.95,Credit Card
597,1081,2023-03-24,Delhi,Clothing,4612.15,0.1,267.53,Debit Card
598,1095,2023-10-26,Bangalore,Furniture,3121.59,0.3,-15.32,Debit Card
599,1023,2023-09-13,Hyderabad,Electronics,4003.03,0.0,267.71,Debit Card
600,1022,2023-07-10,Hyderabad,Clothing,2459.46,0.1,195.96,Cash on Delivery
601,1061,2023-04-29,Mumbai,Furniture,674.81,0.0,64.0,Credit Card
602,1095,2023-03-17,Pune,Furniture,713.41,0.2,66.11,Debit Card
603,1036,2023-10-26,Delhi,Accessories,3459.27,0.0,270.95,Cash on Delivery
604,1011,2023-08-26,Mumbai,Furniture,2208.5,0.2,-108.44,Credit Card
605,1054,2023-05-30,Pune,Electronics,1082.57,0.05,199.7,UPI
606,1012,2023-08-20,Bangalore,Clothing,2508.81,0.05,441.9,Debit Card
607,1022,2023-09-19,Hyderabad,Furniture,414.62,0.3,-59.84,Credit Card
608,1088,2023-03-12,Chennai,Electronics,2951.66,0.1,108.12,Debit Card
609,1098,2023-08-02,Delhi,Furniture,1418.07,0.3,-213.56,UPI
610,1029,2023-10-24,Chennai,Furniture,4008.04,0.2,-336.4,Credit Card
611,1016,2023-10-20,Hyderabad,Furniture,1620.77,0.3,-321.99,Cash on Delivery
612,1061,2023-11-25,Chennai,Furniture,2330.58,0.0,397.97,Credit Card
613,1083,2023-06-09,Bangalore,Furniture,156.94,0.2,-13.01,Cash on Delivery
614,1088,2023-03-09,Pune,Electronics,454.99,0.05,32.7,Credit Card
615,1085,2023-11-19,Bangalore,Clothing,2023.22,0.1,231.03,Cash on Delivery
616,1012,2023-11-13,Chennai,Clothing,2451.7,0.2,225.89,UPI
617,1058,2023-07-05,Bangalore,Clothing,3040.1,0.2,2.76,UPI
618,1018,2023-10-09,Hyderabad,Clothing,1529.15,0.0,105.89,UPI
619,1048,2023-06-30,Delhi,Electronics,3505.41,0.1,-109.03,Credit Card
620,1099,2023-02-24,Bangalore,Accessories,4314.6,0.05,1026.25,UPI
621,1011,2023-07-03,Hyderabad,Accessories,3921.27,0.2,-296.75,Debit Card
622,1060,2023-06-28,Delhi,Electronics,294.13,0.2,-37.35,UPI
623,1018,2023-07-08,Pune,Electronics,2454.48,0.0,490.31,Cash on Delivery
624,1075,2023-09-09,Chennai,Furniture,614.16,0.3,-57.78,Cash on Delivery
625,1008,2023-06-26,Pune,Furniture,1286.02,0.05,208.5,Cash on Delivery
626,1070,2023-01-30,Mumbai,Furniture,4934.65,0.1,83.15,Credit Card
627,1027,2023-04-20,Hyderabad,Clothing,798.23,0.2,-116.72,Debit Card
628,1077,2023-12-11,Delhi,Furniture,2544.55,0.2,232.2,UPI
629,1094,2023-02-18,Bangalore,Accessories,3128.96,0.05,196.26,Debit Card
630,1051,2023-01-08,Pune,Clothing,3542.08,0.3,-286.89,Debit Card
631,1082,2023-04-20,Delhi,Furniture,2842.28,0.2,75.77,Cash on Delivery
632,1015,2023-10-22,Hyderabad,Clothing,147.88,0.05,22.55,Cash on Delivery
633,1068,2023-11-05,Mumbai,Accessories,1699.66,0.0,217.94,Cash on Delivery
634,1098,2023-11-09,Pune,Furniture,2636.79,0.3,-480.49,Credit Card
635,1011,2023-05-04,Chennai,Accessories,530.55,0.1,52.75,Debit Card
636,1024,2023-04-24,Delhi,Accessories,1818.07,0.2,120.95,Debit Card
637,1051,2023-04-26,Chennai,Accessories,262.7,0.05,62.18,Credit Card
638,1084,2023-10-22,Delhi,Furniture,485.03,0.0,37.09,Credit Card
639,1099,2023-02-07,Delhi,Electronics,2044.92,0.1,-23.09,Credit Card
640,1052,2023-05-18,Hyderabad,Furniture,750.31,0.05,177.21,Debit Card
641,1022,2023-09-21,Hyderabad,Accessories,2880.95,0.05,530.48,Debit Card
642,1015,2023-11-12,Hyderabad,Furniture,3478.38,0.1,593.93,Cash on Delivery
643,1056,2023-10-14,Bangalore,Accessories,4022.87,0.0,404.93,Cash on Delivery
644,1038,2023-04-04,Delhi,Electronics,1080.74,0.0,212.79,Debit Card
645,1052,2023-11-01,Pune,Clothing,920.66,0.3,-68.79,Cash on Delivery
646,1041,2023-06-15,Chennai,Electronics,612.38,0.2,12.26,Credit Card
647,1057,2023-08-18,Hyderabad,Electronics,3218.51,0.1,167.48,UPI
648,1038,2023-06-27,Hyderabad,Clothing,3561.73,0.1,-164.38,Cash on Delivery
649,1013,2023-11-16,Chennai,Furniture,254.77,0.1,24.39,Debit Card
650,1094,2023-05-16,Chennai,Clothing,4687.44,0.0,530.97,Cash on Delivery
651,1004,2023-04-12,Delhi,Furniture,354.66,0.2,-13.28,Cash on Delivery
652,1034,2023-08-09,Hyderabad,Furniture,2752.35,0.3,-29.19,Cash on Delivery
653,1086,2023-05-27,Chennai,Accessories,3574.4,0.05,356.58,UPI
654,1092,2023-04-14,Bangalore,Accessories,4367.75,0.05,917.01,Credit Card
655,1074,2023-10-01,Bangalore,Clothing,3599.03,0.1,-10.31,Debit Card
656,1017,2023-12-24,Hyderabad,Electronics,4028.47,0.2,72.98,UPI
657,1075,2023-11-29,Chennai,Clothing,1763.31,0.0,518.86,Debit Card
658,1008,2023-09-05,Delhi,Furniture,4092.64,0.2,-509.64,Debit Card
659,1073,2023-12-01,Delhi,Accessories,492.56,0.2,-72.86,Debit Card
660,1057,2023-11-13,Delhi,Clothing,4484.6,0.0,710.34,UPI
661,1016,2023-05-14,Mumbai,Clothing,2783.2,0.1,-74.71,Credit Card
662,1006,2023-11-25,Hyderabad,Accessories,4104.76,0.2,152.27,Debit Card
663,1045,2023-02-23,Delhi,Accessories,2316.36,0.05,529.61,Credit Card
664,1012,2023-07-11,Bangalore,Accessories,3253.53,0.0,515.7,Credit Card
665,1039,2023-02-17,Chennai,Furniture,2679.37,0.3,-496.55,Cash on Delivery
666,1041,2023-10-01,Pune,Accessories,3684.79,0.1,215.93,UPI
667,1008,2023-12-17,Pune,Electronics,499.99,0.0,115.43,UPI
668,1049,2023-05-02,Delhi,Clothing,395.73,0.3,-98.04,Cash on Delivery
669,1026,2023-04-19,Pune,Accessories,1310.81,0.3,-134.54,Cash on Delivery
670,1065,2023-02-24,Pune,Accessories,881.77,0.2,2.93,Credit Card
671,1004,2023-10-17,Mumbai,Furniture,4371.74,0.2,41.19,Debit Card
672,1028,2023-04-09,Bangalore,Furniture,1174.15,0.2,-105.08,UPI
673,1036,2023-01-16,Bangalore,Clothing,4881.74,0.0,1115.54,Debit Card
674,1037,2023-05-06,Mumbai,Electronics,1750.79,0.0,127.54,Debit Card
675,1082,2023-11-02,Mumbai,Clothing,992.38,0.1,-0.18,Cash on Delivery
676,1007,2023-08-14,Pune,Accessories,3969.52,0.2,275.36,Debit Card
677,1064,2023-12-12,Hyderabad,Electronics,3327.67,0.3,-217.36,Credit Card
678,1085,2023-10-12,Chennai,Electronics,2541.16,0.05,8.73,Cash on Delivery
679,1016,2023-12-05,Chennai,Electronics,2821.28,0.1,34.12,Debit Card
680,1070,2023-03-22,Pune,Electronics,3624.09,0.0,375.46,Cash on Delivery
681,1088,2023-01-13,Chennai,Clothing,1219.43,0.1,21.59,Credit Card
682,1044,2023-06-26,Mumbai,Furniture,4982.04,0.1,59.24,Credit Card
683,1003,2023-10-06,Bangalore,Furniture,4876.49,0.1,-167.6,Debit Card
684,1035,2023-08-12,Chennai,Accessories,3286.6,0.1,212.76,Cash on Delivery
685,1069,2023-11-15,Pune,Furniture,1077.76,0.05,197.43,Debit Card
686,1030,2023-10-16,Hyderabad,Furniture,3433.12,0.2,5.78,Debit Card
687,1018,2023-07-15,Pune,Furniture,453.77,0.3,-37.11,Cash on Delivery
688,1060,2023-10-14,Delhi,Furniture,250.2,0.1,-7.43,Debit Card
689,1053,2023-10-23,Pune,Accessories,1362.65,0.1,256.0,Credit Card
690,1038,2023-06-13,Mumbai,Clothing,2366.85,0.1,377.8,Cash on Delivery
691,1090,2023-12-29,Bangalore,Electronics,4354.54,0.2,223.27,Cash on Delivery
692,1073,2023-06-11,Bangalore,Furniture,3663.13,0.0,936.83,Cash on Delivery
693,1089,2023-03-13,Chennai,Clothing,3739.26,0.0,1058.87,Cash on Delivery
694,1018,2023-12-17,Mumbai,Furniture,2184.92,0.05,297.29,Debit Card
695,1038,2023-10-08,Delhi,Furniture,1795.08,0.0,179.63,Debit Card
696,1066,2023-06-03,Mumbai,Electronics,1918.09,0.1,199.86,Credit Card
697,1044,2023-10-17,Pune,Electronics,4939.48,0.1,670.39,UPI
698,1012,2023-08-30,Mumbai,Electronics,296.54,0.1,39.88,UPI
699,1091,2023-05-26,Mumbai,Furniture,4348.45,0.05,566.87,Credit Card
700,1057,2023-07-01,Delhi,Furniture,2935.51,0.1,-96.54,UPI
701,1019,2023-08-19,Pune,Furniture,2249.22,0.0,321.14,Credit Card
702,1091,2023-02-24,Hyderabad,Electronics,3653.76,0.2,293.0,Debit Card
703,1071,2023-04-01,Hyderabad,Accessories,2484.68,0.2,-9.66,Cash on Delivery
704,1060,2023-05-23,Bangalore,Clothing,4379.77,0.3,-505.5,Cash on Delivery
705,1038,2023-12-31,Chennai,Accessories,4513.44,0.0,529.04,Debit Card
706,1000,2023-01-23,Mumbai,Furniture,2166.43,0.1,91.23,Cash on Delivery
707,1002,2023-08-01,Bangalore,Furniture,1456.46,0.2,107.54,Cash on Delivery
708,1076,2023-12-02,Delhi,Accessories,3002.52,0.0,650.39,UPI
709,1091,2023-09-09,Hyderabad,Furniture,4570.58,0.2,214.12,Debit Card
710,1061,2023-03-06,Mumbai,Clothing,1132.24,0.1,72.0,UPI
711,1062,2023-11-02,Delhi,Furniture,3152.54,0.2,23.84,UPI
712,1024,2023-12-01,Chennai,Clothing,3194.65,0.3,-600.29,Cash on Delivery
713,1055,2023-11-13,Delhi,Accessories,3692.25,0.3,-271.88,Cash on Delivery
714,1032,2023-01-17,Mumbai,Accessories,744.68,0.2,-32.1,Debit Card
715,1037,2023-05-01,Chennai,Furniture,3607.54,0.0,579.5,Cash on Delivery
716,1005,2023-02-05,Delhi,Clothing,4554.26,0.0,967.01,Cash on Delivery
717,1057,2023-02-11,Chennai,Furniture,980.45,0.0,278.52,Debit Card
718,1043,2023-07-01,Mumbai,Electronics,1263.96,0.2,-169.37,Cash on Delivery
719,1044,2023-08-31,Mumbai,Electronics,4859.84,0.0,1245.02,UPI
720,1031,2023-12-06,Chennai,Electronics,986.79,0.1,22.79,Debit Card
721,1044,2023-12-14,Pune,Electronics,4286.49,0.3,-595.91,Cash on Delivery
722,1060,2023-12-25,Bangalore,Furniture,2512.16,0.1,-111.85,Credit Card
723,1046,2023-12-12,Delhi,Electronics,1311.43,0.0,164.27,Debit Card
724,1020,2023-07-30,Delhi,Clothing,4366.67,0.1,330.37,Debit Card
725,1079,2023-04-03,Pune,Accessories,2282.0,0.0,146.15,Credit Card
726,1084,2023-07-29,Pune,Accessories,2622.61,0.2,-71.4,Cash on Delivery
727,1074,2023-02-09,Pune,Electronics,1860.24,0.1,338.15,Cash on Delivery
728,1035,2023-06-04,Hyderabad,Electronics,3005.46,0.2,-371.63,Debit Card
729,1098,2023-11-07,Hyderabad,Electronics,901.27,0.2,37.05,Debit Card
730,1018,2023-11-13,Chennai,Furniture,2016.3,0.05,206.5,Cash on Delivery
731,1019,2023-12-09,Hyderabad,Accessories,4850.12,0.0,1036.92,Cash on Delivery
732,1056,2023-02-21,Mumbai,Electronics,1364.85,0.3,-252.42,UPI
733,1017,2023-07-21,Chennai,Clothing,3318.01,0.0,298.2,Debit Card
734,1046,2023-10-09,Delhi,Electronics,1693.43,0.3,-355.42,Debit Card
735,1048,2023-06-25,Bangalore,Accessories,3890.02,0.0,263.05,Credit Card
736,1013,2023-06-04,Mumbai,Electronics,741.28,0.2,-76.79,UPI
737,1014,2023-06-22,Delhi,Accessories,4852.12,0.1,563.11,Cash on Delivery
738,1030,2023-03-05,Delhi,Electronics,2323.57,0.1,395.99,UPI
739,1000,2023-11-02,Chennai,Clothing,1256.65,0.05,255.77,Cash on Delivery
740,1053,2023-12-17,Pune,Electronics,460.13,0.3,-36.22,Cash on Delivery
741,1002,2023-11-07,Pune,Clothing,931.81,0.3,-207.23,UPI
742,1015,2023-10-24,Mumbai,Clothing,2646.89,0.3,-470.36,Debit Card
743,1086,2023-03-22,Pune,Electronics,1751.32,0.2,-127.06,Cash on Delivery
744,1056,2023-12-07,Delhi,Clothing,4161.53,0.3,-780.33,UPI
745,1074,2023-06-18,Pune,Furniture,2211.35,0.1,174.15,Credit Card
746,1011,2023-11-20,Hyderabad,Electronics,1318.7,0.2,-21.25,UPI
747,1073,2023-10-20,Pune,Electronics,3124.01,0.0,434.93,Credit Card
748,1095,2023-06-12,Delhi,Clothing,3563.21,0.3,-575.65,Cash on Delivery
749,1015,2023-04-18,Chennai,Clothing,918.51,0.3,-39.37,UPI
750,1071,2023-03-07,Mumbai,Electronics,921.33,0.0,227.87,UPI
751,1075,2023-02-09,Bangalore,Furniture,279.69,0.3,-48.4,Credit Card
752,1023,2023-12-09,Pune,Clothing,3708.37,0.0,1032.58,UPI
753,1027,2023-07-05,Delhi,Clothing,3352.64,0.2,295.72,UPI
754,1007,2023-11-18,Bangalore,Accessories,2425.69,0.1,76.86,Cash on Delivery
755,1091,2023-10-18,Bangalore,Furniture,4236.44,0.0,587.2,UPI
756,1035,2023-08-19,Hyderabad,Furniture,4047.78,0.05,511.67,Debit Card
757,1089,2023-10-30,Bangalore,Electronics,2968.24,0.0,846.78,Credit Card
758,1007,2023-10-14,Chennai,Furniture,4354.53,0.3,-134.64,UPI
759,1057,2023-07-03,Delhi,Electronics,1108.62,0.2,-137.87,Credit Card
760,1059,2023-08-06,Delhi,Accessories,648.41,0.2,-33.6,Credit Card
761,1049,2023-10-20,Pune,Furniture,1421.77,0.0,267.78,Credit Card
762,1027,2023-03-05,Pune,Clothing,379.73,0.1,28.78,UPI
763,1091,2023-01-12,Pune,Accessories,2702.73,0.05,130.99,UPI
764,1040,2023-05-03,Chennai,Electronics,4689.37,0.2,303.42,Credit Card
765,1099,2023-04-25,Bangalore,Accessories,292.78,0.3,-23.65,Debit Card
766,1063,2023-03-07,Bangalore,Electronics,698.34,0.3,-28.3,Credit Card
767,1026,2023-12-21,Hyderabad,Accessories,2315.78,0.1,381.39,Debit Card
768,1062,2023-10-19,Chennai,Electronics,4675.99,0.2,173.43,Credit Card
769,1016,2023-01-20,Pune,Furniture,1649.16,0.0,263.54,Cash on Delivery
770,1072,2023-01-28,Mumbai,Clothing,2585.45,0.3,-251.73,Credit Card
771,1032,2023-07-12,Hyderabad,Electronics,303.71,0.1,-3.01,Credit Card
772,1083,2023-11-22,Mumbai,Accessories,826.88,0.2,15.22,UPI
773,1076,2023-09-23,Bangalore,Electronics,4934.49,0.2,-519.04,Debit Card
774,1091,2023-03-09,Hyderabad,Electronics,4829.08,0.2,113.42,Cash on Delivery
775,1028,2023-07-28,Hyderabad,Electronics,124.21,0.2,-11.5,Debit Card
776,1012,2023-06-27,Delhi,Accessories,4763.88,0.2,-574.58,Cash on Delivery
777,1045,2023-06-15,Bangalore,Clothing,3231.69,0.3,-674.39,Credit Card
778,1034,2023-11-29,Bangalore,Furniture,4352.8,0.1,-215.47,UPI
779,1005,2023-04-08,Chennai,Clothing,2328.23,0.2,69.11,UPI
780,1081,2023-04-17,Hyderabad,Electronics,2626.42,0.05,480.9,Debit Card
781,1068,2023-01-24,Bangalore,Accessories,2495.35,0.05,321.23,UPI
782,1046,2023-09-01,Hyderabad,Clothing,3367.63,0.1,-32.53,Debit Card
783,1024,2023-12-23,Chennai,Electronics,784.29,0.0,55.6,Debit Card
784,1065,2023-04-14,Chennai,Furniture,246.87,0.0,13.52,Cash on Delivery
785,1009,2023-04-07,Delhi,Furniture,1608.86,0.0,147.11,Debit Card
786,1055,2023-06-29,Hyderabad,Furniture,3552.94,0.05,791.29,Cash on Delivery
787,1029,2023-03-11,Bangalore,Electronics,1089.08,0.0,120.22,UPI
788,1004,2023-02-10,Bangalore,Accessories,3399.82,0.3,-548.84,Debit Card
789,1032,2023-02-04,Hyderabad,Clothing,4852.57,0.2,-600.09,Debit Card
790,1064,2023-03-08,Hyderabad,Furniture,560.11,0.05,31.14,Credit Card
791,1017,2023-02-10,Hyderabad,Electronics,3395.75,0.1,271.0,Debit Card
792,1095,2023-06-14,Pune,Electronics,2274.38,0.1,231.85,Debit Card
793,1048,2023-09-29,Bangalore,Clothing,4353.9,0.2,-386.03,Credit Card
794,1010,2023-10-08,Chennai,Furniture,968.03,0.05,13.97,Credit Card
795,1084,2023-07-28,Bangalore,Electronics,3493.87,0.0,516.25,UPI
796,1025,2023-05-12,Pune,Clothing,4206.76,0.0,456.65,Debit Card
797,1062,2023-04-08,Hyderabad,Accessories,4728.61,0.3,-922.61,UPI
798,1088,2023-11-02,Delhi,Accessories,3447.92,0.3,-34.6,UPI
799,1085,2023-03-13,Hyderabad,Accessories,2536.16,0.0,517.57,Credit Card
800,1058,2023-10-04,Hyderabad,Furniture,3127.45,0.1,279.03,Cash on Delivery
801,1026,2023-02-23,Pune,Clothing,4357.63,0.1,235.07,UPI
802,1048,2023-10-26,Bangalore,Clothing,2895.99,0.3,-413.44,Cash on Delivery
803,1076,2023-06-16,Hyderabad,Electronics,248.9,0.2,-3.68,Debit Card
804,1032,2023-04-01,Bangalore,Electronics,4661.65,0.0,1044.71,Credit Card
805,1097,2023-12-29,Mumbai,Electronics,3478.68,0.3,-259.03,Debit Card
806,1098,2023-04-30,Chennai,Clothing,3414.92,0.3,-707.15,Debit Card
807,1000,2023-02-20,Bangalore,Electronics,1156.81,0.0,202.47,Credit Card
808,1020,2023-11-06,Delhi,Clothing,3328.54,0.0,509.23,Debit Card
809,1054,2023-09-27,Chennai,Clothing,2029.94,0.1,340.28,Credit Card
810,1005,2023-03-12,Delhi,Accessories,3291.04,0.2,25.85,Cash on Delivery
811,1091,2023-10-12,Hyderabad,Electronics,622.31,0.2,-10.5,Debit Card
812,1080,2023-07-05,Chennai,Accessories,3323.44,0.0,262.05,Credit Card
813,1068,2023-07-04,Bangalore,Furniture,4997.13,0.05,756.61,UPI
814,1094,2023-02-01,Chennai,Furniture,336.24,0.3,-74.21,Debit Card
815,1004,2023-05-28,Hyderabad,Furniture,4888.15,0.3,-809.96,Cash on Delivery
816,1002,2023-01-21,Pune,Clothing,2093.85,0.0,179.46,Credit Card
817,1052,2023-05-10,Delhi,Clothing,4366.69,0.05,755.52,Debit Card
818,1022,2023-08-26,Hyderabad,Clothing,3933.69,0.1,6.15,Debit Card
819,1052,2023-03-28,Pune,Electronics,2878.38,0.0,425.9,Debit Card
820,1036,2023-02-28,Chennai,Accessories,3718.4,0.0,1018.54,Cash on Delivery
821,1073,2023-11-30,Chennai,Clothing,4404.73,0.3,-876.19,Credit Card
822,1073,2023-12-14,Hyderabad,Accessories,2080.29,0.0,368.11,UPI
823,1082,2023-01-25,Bangalore,Accessories,1702.46,0.0,263.57,UPI
824,1016,2023-01-06,Chennai,Accessories,3371.21,0.0,183.84,UPI
825,1084,2023-12-25,Bangalore,Electronics,4058.45,0.3,-210.27,Credit Card
826,1077,2023-05-28,Bangalore,Electronics,3835.2,0.1,-125.56,UPI
827,1072,2023-01-20,Bangalore,Furniture,4009.29,0.1,274.89,Cash on Delivery
828,1000,2023-06-12,Mumbai,Furniture,2234.36,0.0,424.91,Credit Card
829,1050,2023-04-11,Pune,Accessories,4107.39,0.3,-381.55,Debit Card
830,1044,2023-06-14,Pune,Furniture,689.02,0.1,84.17,Cash on Delivery
831,1076,2023-08-28,Chennai,Accessories,2768.0,0.1,36.86,Debit Card
832,1003,2023-05-27,Chennai,Electronics,128.22,0.1,-6.09,UPI
833,1061,2023-03-07,Bangalore,Electronics,1690.47,0.3,-116.88,Cash on Delivery
834,1064,2023-10-15,Mumbai,Electronics,1895.66,0.3,-220.06,Credit Card
835,1031,2023-06-24,Bangalore,Clothing,2041.25,0.0,528.74,Cash on Delivery
836,1033,2023-02-15,Mumbai,Accessories,3507.79,0.2,194.15,Debit Card
837,1091,2023-02-22,Bangalore,Electronics,2003.93,0.1,322.3,Credit Card
838,1094,2023-09-25,Delhi,Accessories,2298.6,0.2,-66.03,Cash on Delivery
839,1071,2023-04-27,Delhi,Furniture,1263.97,0.3,-210.57,Cash on Delivery
840,1038,2023-04-13,Hyderabad,Furniture,1928.93,0.3,-100.52,Cash on Delivery
841,1025,2023-04-27,Bangalore,Electronics,1213.62,0.3,-166.48,Cash on Delivery
842,1033,2023-01-27,Chennai,Accessories,458.66,0.2,-47.76,Credit Card
843,1053,2023-04-10,Pune,Electronics,3056.9,0.3,-110.83,Debit Card
844,1002,2023-10-27,Hyderabad,Furniture,3374.24,0.0,913.2,Cash on Delivery
845,1049,2023-07-21,Chennai,Electronics,3135.5,0.3,-418.35,Credit Card
846,1011,2023-02-08,Delhi,Accessories,2371.12,0.05,44.87,Debit Card
847,1064,2023-06-29,Bangalore,Furniture,1960.95,0.2,-104.02,Cash on Delivery
848,1053,2023-06-14,Hyderabad,Clothing,4330.33,0.05,869.9,Debit Card
849,1004,2023-02-16,Bangalore,Furniture,2643.5,0.3,-64.92,Debit Card
850,1093,2023-10-18,Delhi,Clothing,2447.99,0.0,246.92,Credit Card
851,1093,2023-07-28,Hyderabad,Electronics,225.65,0.1,-7.5,Debit Card
852,1056,2023-08-29,Delhi,Electronics,1772.11,0.3,-54.34,Credit Card
853,1016,2023-09-25,Mumbai,Accessories,1962.96,0.0,289.24,Cash on Delivery
854,1046,2023-04-28,Delhi,Clothing,2054.23,0.2,-29.91,Debit Card
855,1022,2023-05-29,Bangalore,Electronics,2942.84,0.05,712.22,Debit Card
856,1078,2023-10-26,Pune,Clothing,2714.65,0.05,45.17,UPI
857,1084,2023-07-20,Delhi,Electronics,3078.73,0.05,499.0,Cash on Delivery
858,1013,2023-07-10,Chennai,Furniture,3847.93,0.2,-505.9,Cash on Delivery
859,1065,2023-05-17,Pune,Electronics,4083.63,0.0,587.5,UPI
860,1074,2023-05-05,Mumbai,Accessories,3618.8,0.2,184.39,UPI
861,1050,2023-03-30,Hyderabad,Furniture,4782.07,0.05,518.22,Credit Card
862,1037,2023-02-20,Hyderabad,Accessories,189.34,0.3,-0.13,Credit Card
863,1063,2023-06-29,Pune,Furniture,1059.31,0.1,95.09,Debit Card
864,1097,2023-03-28,Hyderabad,Clothing,137.06,0.2,-9.55,Debit Card
865,1037,2023-03-18,Delhi,Accessories,3272.63,0.2,-310.81,Debit Card
866,1049,2023-02-28,Pune,Electronics,4500.35,0.0,619.38,Debit Card
867,1097,2023-03-29,Bangalore,Clothing,1293.06,0.0,185.08,Credit Card
868,1081,2023-06-23,Delhi,Electronics,4642.47,0.2,-616.62,Cash on Delivery
869,1029,2023-04-27,Delhi,Furniture,395.31,0.05,36.52,Debit Card
870,1078,2023-10-11,Delhi,Furniture,4678.74,0.1,309.08,Cash on Delivery
871,1090,2023-04-13,Bangalore,Electronics,1822.95,0.0,420.53,Debit Card
872,1050,2023-07-20,Mumbai,Electronics,596.96,0.05,98.01,UPI
873,1062,2023-12-01,Chennai,Clothing,2480.77,0.3,-180.62,Debit Card
874,1097,2023-03-05,Hyderabad,Electronics,1358.21,0.0,70.75,Debit Card
875,1051,2023-02-24,Pune,Accessories,1495.88,0.05,81.4,Debit Card
876,1037,2023-04-22,Mumbai,Accessories,1605.72,0.05,265.62,Credit Card
877,1096,2023-12-12,Pune,Electronics,4034.83,0.1,286.46,UPI
878,1087,2023-02-17,Hyderabad,Accessories,2741.89,0.1,-133.45,Debit Card
879,1078,2023-10-05,Bangalore,Electronics,1625.41,0.3,-79.44,Debit Card
880,1029,2023-04-05,Delhi,Clothing,3090.64,0.05,597.12,Cash on Delivery
881,1050,2023-10-04,Delhi,Accessories,3609.14,0.05,494.83,UPI
882,1080,2023-06-08,Bangalore,Accessories,1435.86,0.1,-47.93,Debit Card
883,1004,2023-08-29,Mumbai,Electronics,2126.39,0.0,513.8,Cash on Delivery
884,1028,2023-05-07,Mumbai,Accessories,697.24,0.0,136.61,Cash on Delivery
885,1003,2023-06-18,Pune,Furniture,987.63,0.2,44.93,Credit Card
886,1009,2023-11-11,Bangalore,Clothing,3437.48,0.1,474.15,Cash on Delivery
887,1055,2023-10-28,Mumbai,Clothing,989.05,0.2,50.19,Debit Card
888,1016,2023-11-01,Bangalore,Accessories,2673.3,0.1,212.53,Credit Card
889,1073,2023-02-18,Hyderabad,Accessories,3574.33,0.3,-768.19,Credit Card
890,1016,2023-04-05,Delhi,Furniture,623.7,0.05,104.65,Debit Card
891,1083,2023-12-31,Delhi,Furniture,2879.83,0.3,-273.24,UPI
892,1087,2023-06-01,Delhi,Accessories,1357.16,0.1,183.98,Cash on Delivery
893,1068,2023-03-07,Bangalore,Accessories,4818.34,0.05,204.64,Credit Card
894,1033,2023-07-26,Bangalore,Furniture,2469.37,0.0,243.83,UPI
895,1005,2023-09-08,Pune,Electronics,4049.36,0.0,1103.87,Debit Card
896,1052,2023-12-31,Delhi,Furniture,2796.11,0.2,104.84,Cash on Delivery
897,1065,2023-11-03,Pune,Electronics,312.72,0.1,55.37,Cash on Delivery
898,1076,2023-04-07,Delhi,Clothing,3202.44,0.1,447.31,Credit Card
899,1042,2023-08-29,Pune,Clothing,4761.88,0.0,948.99,Cash on Delivery
900,1074,2023-10-08,Pune,Furniture,3047.9,0.3,-263.54,Cash on Delivery
901,1022,2023-09-12,Hyderabad,Electronics,4114.03,0.05,914.47,Cash on Delivery
902,1054,2023-03-07,Pune,Furniture,4432.61,0.3,-466.75,Cash on Delivery
903,1079,2023-04-04,Bangalore,Furniture,1217.59,0.3,-111.9,Debit Card
904,1094,2023-07-26,Pune,Electronics,1139.02,0.0,101.51,UPI
905,1074,2023-04-22,Delhi,Furniture,3093.81,0.0,521.25,Debit Card
906,1015,2023-06-24,Pune,Clothing,2114.04,0.0,484.33,Debit Card
907,1007,2023-01-16,Mumbai,Accessories,4215.32,0.2,-346.77,Credit Card
908,1003,2023-08-23,Chennai,Accessories,4510.11,0.3,-899.48,Cash on Delivery
909,1003,2023-10-25,Delhi,Furniture,1831.76,0.1,52.13,Debit Card
910,1055,2023-06-20,Mumbai,Electronics,1260.67,0.05,76.11,Cash on Delivery
911,1024,2023-05-26,Delhi,Electronics,3924.58,0.2,-377.83,Debit Card
912,1066,2023-11-09,Bangalore,Clothing,1446.55,0.1,81.31,Debit Card
913,1095,2023-05-03,Chennai,Electronics,4130.81,0.3,-95.18,Credit Card
914,1066,2023-05-16,Chennai,Electronics,2176.32,0.0,384.7,UPI
915,1026,2023-07-27,Bangalore,Clothing,3370.99,0.3,-684.38,UPI
916,1092,2023-08-17,Chennai,Furniture,568.12,0.05,10.93,Debit Card
917,1031,2023-12-09,Bangalore,Accessories,3156.91,0.2,75.89,Credit Card
918,1049,2023-11-27,Mumbai,Clothing,2313.66,0.2,-125.63,Cash on Delivery
919,1060,2023-02-10,Hyderabad,Furniture,2974.38,0.05,611.11,Cash on Delivery
920,1050,2023-04-03,Delhi,Clothing,923.27,0.1,106.06,Debit Card
921,1018,2023-10-19,Bangalore,Furniture,3710.68,0.1,553.12,UPI
922,1020,2023-12-17,Delhi,Clothing,4327.71,0.2,-354.93,Credit Card
923,1004,2023-10-20,Mumbai,Furniture,1162.03,0.2,26.83,UPI
924,1081,2023-10-22,Hyderabad,Clothing,569.0,0.0,66.01,Cash on Delivery
925,1091,2023-01-14,Mumbai,Furniture,215.83,0.1,39.88,UPI
926,1041,2023-09-17,Chennai,Clothing,3245.66,0.05,516.36,Cash on Delivery
927,1060,2023-12-08,Delhi,Accessories,3074.76,0.1,95.71,Credit Card
928,1021,2023-02-08,Hyderabad,Accessories,2778.82,0.0,326.17,Credit Card
929,1020,2023-01-26,Chennai,Electronics,1236.54,0.2,-126.46,Debit Card
930,1069,2023-08-05,Hyderabad,Furniture,2015.44,0.2,47.69,Debit Card
931,1000,2023-10-22,Chennai,Clothing,3012.93,0.0,315.39,UPI
932,1004,2023-10-11,Mumbai,Furniture,2534.16,0.05,377.15,Credit Card
933,1011,2023-10-26,Bangalore,Accessories,4940.15,0.2,-414.19,Credit Card
934,1089,2023-02-18,Delhi,Furniture,768.55,0.3,-64.95,Debit Card
935,1045,2023-02-20,Pune,Clothing,3506.21,0.2,188.41,Cash on Delivery
936,1033,2023-07-10,Pune,Furniture,2081.16,0.3,-115.49,UPI
937,1048,2023-06-26,Mumbai,Clothing,2198.18,0.0,528.03,UPI
938,1077,2023-08-28,Delhi,Accessories,3616.23,0.0,350.52,Debit Card
939,1089,2023-03-09,Delhi,Accessories,3492.94,0.2,-446.76,Credit Card
940,1044,2023-04-11,Mumbai,Accessories,4957.15,0.1,618.34,Debit Card
941,1026,2023-03-06,Delhi,Electronics,729.13,0.3,-115.14,Debit Card
942,1072,2023-02-27,Bangalore,Accessories,610.14,0.05,65.95,Debit Card
943,1025,2023-12-08,Mumbai,Furniture,3649.26,0.2,-518.97,Debit Card
944,1046,2023-01-16,Bangalore,Electronics,2934.1,0.05,190.41,Cash on Delivery
945,1085,2023-01-14,Delhi,Accessories,1443.39,0.2,-204.36,Cash on Delivery
946,1055,2023-06-26,Mumbai,Furniture,489.15,0.1,83.06,Credit Card
947,1093,2023-10-02,Delhi,Furniture,519.73,0.1,5.64,Debit Card
948,1062,2023-01-20,Mumbai,Furniture,4481.54,0.1,400.36,Cash on Delivery
949,1047,2023-11-20,Delhi,Clothing,1040.15,0.1,-41.87,Credit Card
950,1060,2023-10-13,Bangalore,Electronics,1684.52,0.0,365.06,Debit Card
951,1080,2023-04-21,Bangalore,Furniture,1210.62,0.0,158.3,UPI
952,1025,2023-08-16,Delhi,Clothing,1839.48,0.3,-46.94,Cash on Delivery
953,1035,2023-04-02,Mumbai,Accessories,440.18,0.05,97.73,Credit Card
954,1000,2023-05-08,Pune,Furniture,2643.39,0.2,-181.54,UPI
955,1007,2023-12-13,Bangalore,Clothing,431.3,0.2,32.45,Debit Card
956,1098,2023-06-29,Bangalore,Furniture,4021.75,0.0,1202.66,Debit Card
957,1051,2023-09-16,Chennai,Electronics,1245.19,0.2,70.17,Debit Card
958,1078,2023-08-28,Pune,Electronics,2746.06,0.0,717.32,Cash on Delivery
959,1046,2023-12-09,Delhi,Accessories,4412.39,0.3,-828.42,Credit Card
960,1055,2023-04-16,Mumbai,Furniture,3289.3,0.05,474.24,UPI
961,1085,2023-11-22,Chennai,Clothing,2711.49,0.3,-632.28,Credit Card
962,1013,2023-08-13,Delhi,Accessories,1689.24,0.1,-44.38,Cash on Delivery
963,1089,2023-06-04,Hyderabad,Furniture,1731.71,0.1,345.86,Credit Card
964,1027,2023-02-09,Bangalore,Accessories,3380.49,0.1,107.03,Cash on Delivery
965,1086,2023-07-05,Hyderabad,Clothing,4971.28,0.3,-312.96,Debit Card
966,1077,2023-01-17,Bangalore,Accessories,3343.01,0.2,172.72,UPI
967,1087,2023-07-28,Bangalore,Accessories,2833.14,0.05,607.73,Debit Card
968,1001,2023-05-29,Hyderabad,Accessories,3680.19,0.1,733.86,Credit Card
969,1025,2023-02-12,Hyderabad,Furniture,2379.51,0.1,24.69,Debit Card
970,1013,2023-11-01,Delhi,Clothing,394.7,0.1,-15.75,UPI
971,1058,2023-09-05,Chennai,Electronics,2855.25,0.05,293.51,Debit Card
972,1055,2023-06-02,Chennai,Furniture,4792.36,0.1,-83.77,UPI
973,1006,2023-03-15,Hyderabad,Electronics,958.98,0.05,5.38,UPI
974,1002,2023-09-17,Delhi,Electronics,3481.02,0.1,139.61,Debit Card
975,1022,2023-11-29,Chennai,Furniture,1084.58,0.3,-58.64,Cash on Delivery
976,1017,2023-10-17,Delhi,Furniture,2725.56,0.3,-295.6,Credit Card
977,1037,2023-07-21,Delhi,Clothing,573.71,0.05,44.86,Cash on Delivery
978,1098,2023-12-11,Bangalore,Clothing,2306.82,0.3,-199.34,Cash on Delivery
979,1014,2023-02-03,Chennai,Accessories,3805.2,0.05,220.72,Debit Card
980,1063,2023-07-26,Chennai,Electronics,1803.1,0.3,-444.29,Credit Card
981,1088,2023-05-23,Bangalore,Clothing,3358.07,0.3,-197.83,Credit Card
982,1027,2023-02-27,Hyderabad,Accessories,3997.7,0.05,623.38,Cash on Delivery
983,1073,2023-04-13,Bangalore,Clothing,4643.17,0.2,188.4,Debit Card
984,1038,2023-05-17,Chennai,Furniture,1249.75,0.3,-300.27,Credit Card
985,1056,2023-11-30,Chennai,Clothing,2056.65,0.1,327.58,Cash on Delivery
986,1016,2023-08-21,Hyderabad,Electronics,846.84,0.2,4.13,Credit Card
987,1085,2023-03-25,Bangalore,Clothing,4963.17,0.05,699.06,Debit Card
988,1089,2023-03-16,Mumbai,Electronics,4642.3,0.2,28.57,Debit Card
989,1043,2023-10-09,Mumbai,Furniture,2745.79,0.0,730.68,Debit Card
990,1024,2023-09-07,Hyderabad,Electronics,4225.96,0.0,831.39,Credit Card
991,1016,2023-07-15,Bangalore,Clothing,2652.69,0.3,-277.9,UPI
992,1012,2023-10-11,Bangalore,Accessories,3155.57,0.3,-7.35,Credit Card
993,1083,2023-07-09,Delhi,Furniture,536.71,0.1,74.7,UPI
994,1024,2023-05-12,Chennai,Clothing,3800.83,0.2,-149.85,Debit Card
995,1067,2023-02-25,Pune,Furniture,725.8,0.0,164.65,Cash on Delivery
996,1009,2023-04-17,Hyderabad,Furniture,4147.73,0.3,-633.33,UPI
997,1066,2023-01-02,Pune,Clothing,3931.94,0.2,-364.81,Debit Card
998,1017,2023-04-08,Pune,Clothing,3572.85,0.3,-360.1,Debit Card
999,1099,2023-12-10,Hyderabad,Accessories,277.19,0.3,-4.98,UPI
1000,1085,2023-03-07,Bangalore,Furniture,1585.33,0.0,447.51,Cash on Delivery
